{"cameraMode":{"drawMode":0,"name":"Shaded","section":"Shading Mode"},"sceneLighting":true,"audioPlay":false,"sceneViewState":{"showFog":true,"showMaterialUpdate":false,"showSkybox":true,"showFlares":true,"showImageEffects":true,"showParticleSystems":true},"in2DMode":false,"pivot":{"x":0.0000017285346984863282,"y":2.3855152130126955,"z":2.3647286891937258},"rotation":{"x":-0.09920497238636017,"y":0.8470350503921509,"z":-0.1702124923467636,"w":-0.4936778247356415},"size":35.589839935302737,"orthographic":false}